,StudentID,Age,Gender,StudyTimeWeekly,GPA
44,1045.0,18.0,Female,18.921512361376628,4.0
919,1920.0,18.0,Male,18.1064365675218,3.869586724204369
951,1952.0,18.0,Female,18.67230755670188,3.836698640240594
1705,2706.0,18.0,Female,8.858281960839271,4.0
1900,2901.0,18.0,Female,15.683743584641592,3.9514599508156745
